RSID	CHR	BP	P_meta	BETA	LAVA_LOC	LAVA_rg	LAVA_P	LAVA_Status	Redundancy	Final_Assessment	Gene	Region	Novelty	Effector_Gene	Best_PP4	Coloc_Tissue	Specific_Drug	Drug_Status	Drug_Class	Functional_Evidence
rs389884	6	31973120	4.21736842333862e-147	0.873982262822296	961	0.621247	4.42507e-13	Confirmed (Bonferroni)	Independent	HIGH CONFIDENCE	""	""	Putative Novel	CLIC1	0.93194737729247	Whole_Blood, Spleen				LAVA + COLOC (eQTL)
rs4853458	2	191094763	4.07604197286915e-72	0.470411227499651	374	0.76937	1.39527e-12	Confirmed (Bonferroni)	Independent	HIGH CONFIDENCE	STAT4	2p/q	Known Locus				Baricitinib, Tofacitinib	FDA-approved (RA/SLE)	JAK Inhibitors	LAVA (Genetic Correlation)
rs4853458	2	191094763	4.07604197286915e-72	0.470411227499651	374	0.76937	1.39527e-12	Confirmed (Bonferroni)	Independent	HIGH CONFIDENCE	STAT4	2p/q	Known Locus				Baricitinib (Olumiant)	FDA-approved SLE 2022	JAK1/2 Inhibitors	LAVA (Genetic Correlation)
rs17849501	1	183573188	1.45368061174851e-71	0.768108252625837	138	0.726857	7.74138e-12	Confirmed (Bonferroni)	Shared LAVA Block	HIGH CONFIDENCE	""	""	Known Locus							LAVA (Genetic Correlation)
rs41272536	1	183471396	4.55261792331029e-64	0.783210562784011	138	0.726857	7.74138e-12	Confirmed (Bonferroni)	Shared LAVA Block	HIGH CONFIDENCE	""	""	Putative Novel							LAVA (Genetic Correlation)
rs13019891	2	113072292	5.63593818733971e-58	-0.376010512047201	306	-0.184709	0.436985	Filtered (Spurious/No Local Signal)	Independent	LOW CONFIDENCE/SKEPTICAL	IL1F10	2p/q	Putative Novel							LAVA (Genetic Correlation)
rs35000415	7	128945562	9.6761290554738e-57	0.505525533587978	1208			Insufficient Local Signal	Independent	LOW CONFIDENCE/SKEPTICAL	IRF5	7p/q	Known Locus							LAVA (Genetic Correlation)
rs34572943	16	31261032	2.68623547210467e-51	0.507262044720673	2128	0.717788	2.36924e-10	Confirmed (Bonferroni)	Independent	HIGH CONFIDENCE	ITGAM	16p/q	Known Locus				Eculizumab (C5), Avacopan (C5a)	Approved / Phase III	Complement Inhibitors	LAVA (Genetic Correlation)
rs2573219	2	232423957	3.88011246189924e-29	0.410350642304308	408	-0.394092	0.264273	Filtered (Spurious/No Local Signal)	Independent	LOW CONFIDENCE/SKEPTICAL	ALPG	2p/q	Putative Novel							LAVA (Genetic Correlation)
rs7823055	8	54599116	2.74912878015984e-24	0.236134817050678	1291	0.10789	0.71425	Filtered (Spurious/No Local Signal)	Independent	LOW CONFIDENCE/SKEPTICAL	RP1	8p/q	Putative Novel							LAVA (Genetic Correlation)
rs9852014	3	129365738	4.07253232145667e-24	0.413060258940559	534			Insufficient Local Signal	Independent	LOW CONFIDENCE/SKEPTICAL	EFCAB12	3p/q	Putative Novel							LAVA (Genetic Correlation)
rs4840568	8	11493510	1.09155428048101e-23	0.253206621495572	1251			Insufficient Local Signal	Shared LAVA Block	LOW CONFIDENCE/SKEPTICAL	BLK	8p/q	Known (near BLK)							LAVA (Genetic Correlation)
rs10036748	5	151078585	2.96174490520853e-22	0.24716751819794	900			Insufficient Local Signal	Independent	LOW CONFIDENCE/SKEPTICAL	TNIP1	5p/q	Known Locus							LAVA (Genetic Correlation)
rs58721818	6	137922602	6.40913126960698e-22	0.619699515821451	1063			Insufficient Local Signal	Independent	LOW CONFIDENCE/SKEPTICAL	TNFAIP3	6p/q	Known Locus							LAVA (Genetic Correlation)
rs6679677	1	113761186	2.94692430581243e-20	0.32167040777601	100			Insufficient Local Signal	Independent	LOW CONFIDENCE/SKEPTICAL	RSBN1	1p/q	Known Locus							LAVA (Genetic Correlation)
rs2293765	2	190656119	5.8629839941452e-20	0.220971588722945	373			Insufficient Local Signal	Independent	LOW CONFIDENCE/SKEPTICAL	""	""	Known (near STAT4)							LAVA (Genetic Correlation)
rs2431098	5	160460329	6.39228981401916e-19	0.210883466883063	909	0.359474	0.0603664	Filtered (Spurious/No Local Signal)	Independent	LOW CONFIDENCE/SKEPTICAL	PTTG1	5p/q	Known Locus							LAVA (Genetic Correlation)
rs13332649	16	85933077	9.572717561106e-16	-0.229209306859579	2167	0.41282	0.0168873	Confirmed (Nominal)	Independent	HIGH CONFIDENCE	IRF8	16p/q	Known Locus				Anifrolumab, Baricitinib	Approved	Anti-IFN / JAK Pathway	LAVA (Genetic Correlation)
rs1078324	5	149822705	2.43337478223255e-15	-0.480016108110642	898			Insufficient Local Signal	Independent	LOW CONFIDENCE/SKEPTICAL	PPARGC1B	5p/q	Putative Novel							LAVA (Genetic Correlation)
rs5994638	22	21598987	7.63098342695793e-14	0.195773003908268	2466			Insufficient Local Signal	Independent	LOW CONFIDENCE/SKEPTICAL	UBE2L3	22p/q	Putative Novel							LAVA (Genetic Correlation)
rs35251378	19	10349293	1.51367004421528e-13	-0.19398234022744	2318	-0.102421	0.562716	Filtered (Spurious/No Local Signal)	Independent	LOW CONFIDENCE/SKEPTICAL	TYK2	19p/q	Known (near TYK2)							LAVA (Genetic Correlation)
rs7768653	6	106126919	1.57317310208569e-13	0.175040728072013	1037	-0.0190671	0.916967	Filtered (Spurious/No Local Signal)	Independent	LOW CONFIDENCE/SKEPTICAL	ATG5	6p/q	Putative Novel							LAVA (Genetic Correlation)
rs10912578	1	173282717	1.75373755085608e-13	0.184243221178961	130	0.679894	0.000283531	Confirmed (Bonferroni)	Independent	HIGH CONFIDENCE	TNFSF4	1p/q	Known Locus				Itepekimab (OX40L pathway)	Phase II SLE	Anti-OX40L	LAVA (Genetic Correlation)
rs6671847	1	161509020	7.60917787548015e-13	0.166756300266454	118	0.982585	2.0691e-05	Confirmed (Bonferroni)	Independent	HIGH CONFIDENCE	FCGR2A	1p/q	Known Locus				IVIG, Efgartigimod (FcRn)	Approved / Phase III	IVIG / FcγR modulation	LAVA (Genetic Correlation)
rs597808	12	111535554	9.89152490264121e-13	-0.168239025897998	1840			Insufficient Local Signal	Independent	LOW CONFIDENCE/SKEPTICAL	ATXN2	12p/q	Known Locus							LAVA (Genetic Correlation)
rs353608	11	35080191	4.73441705748385e-12	-0.157953215917402	1647			Insufficient Local Signal	Independent	LOW CONFIDENCE/SKEPTICAL	CD44	11p/q	Known (near CD44)							LAVA (Genetic Correlation)
rs7097397	10	48817351	1.23957345164614e-11	-0.159227716151522	1531			Insufficient Local Signal	Independent	LOW CONFIDENCE/SKEPTICAL	WDFY4	10p/q	Known Locus							LAVA (Genetic Correlation)
rs2647928	3	160030028	2.11129160873984e-11	-0.16611172251783	561	0.578984	0.0155573	Confirmed (Nominal)	Independent	HIGH CONFIDENCE	IL12A	3p/q	Putative Novel				Ustekinumab (Stelara)	Approved / SLE studies	Anti-IL-12/23	LAVA (Genetic Correlation)
rs34208825	8	11157106	2.43847764383226e-11	0.155682029237345	1250	0.983597	7.69884e-06	Confirmed (Bonferroni)	Independent	HIGH CONFIDENCE	""	""	Known (near XKR6)							LAVA (Genetic Correlation)
rs13135381	4	101822196	6.90635845367651e-11	-0.159926395659636	691			Insufficient Local Signal	Independent	LOW CONFIDENCE/SKEPTICAL	BANK1	4p/q	Putative Novel							LAVA (Genetic Correlation)
rs58688157	11	625085	1.00797273130947e-10	-0.178259841118913	1610			Insufficient Local Signal	Independent	LOW CONFIDENCE/SKEPTICAL	CDHR5	11p/q	Known Locus							LAVA (Genetic Correlation)
rs73050535	12	4903337	4.81781912589171e-10	-0.702936964348874	1744	0.261404	0.345741	Filtered (Spurious/No Local Signal)	Independent	LOW CONFIDENCE/SKEPTICAL	KCNA1	12p/q	Putative Novel							LAVA (Genetic Correlation)
rs11066188	12	112172910	5.01535492543706e-10	0.146647150598001	1841			Insufficient Local Signal	Shared LAVA Block	LOW CONFIDENCE/SKEPTICAL	HECTD4	12p/q	Putative Novel							LAVA (Genetic Correlation)
rs11066320	12	112468611	7.03425029017213e-10	0.145536455856726	1841			Insufficient Local Signal	Shared LAVA Block	LOW CONFIDENCE/SKEPTICAL	""	""	Putative Novel							LAVA (Genetic Correlation)
rs73068668	19	55251894	9.66246640347931e-10	-0.280699584631791	2364			Insufficient Local Signal	Independent	LOW CONFIDENCE/SKEPTICAL	""	""	Putative Novel							LAVA (Genetic Correlation)
rs3809823	17	7330980	1.30274635479262e-09	0.168847401391264	2181	0.201698	0.427554	Filtered (Spurious/No Local Signal)	Independent	LOW CONFIDENCE/SKEPTICAL	NEURL4	17p/q	Putative Novel							LAVA (Genetic Correlation)
rs367543	8	9176638	2.4311762842012e-09	-0.14528205876126	1248			Insufficient Local Signal	Independent	LOW CONFIDENCE/SKEPTICAL	PPP1R3B	8p/q	Putative Novel							LAVA (Genetic Correlation)
rs12928726	16	11097715	3.07722966427189e-09	-0.13817263617087	2115	1	0.000436807	Confirmed (Bonferroni)	Independent	HIGH CONFIDENCE	CLEC16A	16p/q	Known (near CLEC16A)				Sirolimus, Everolimus	Investigational SLE	mTOR Inhibitors	LAVA (Genetic Correlation)
rs693109	8	8782662	4.66088765198298e-09	0.13376061416755	1247	0.998384	0.0344716	Confirmed (Nominal)	Independent	HIGH CONFIDENCE	""	""	Putative Novel							LAVA (Genetic Correlation)
rs11998678	8	11972641	6.35485156007027e-09	0.138941408694758	1251			Insufficient Local Signal	Shared LAVA Block	LOW CONFIDENCE/SKEPTICAL	""	""	Known (near BLK)							LAVA (Genetic Correlation)
rs7581149	2	65332507	8.01849965136462e-09	0.13385935416655	271	-0.0229045	0.919256	Filtered (Spurious/No Local Signal)	Independent	LOW CONFIDENCE/SKEPTICAL	SPRED2	2p/q	Putative Novel							LAVA (Genetic Correlation)
rs512681	2	118692587	1.62864455658548e-08	-0.182777910139787	311			Insufficient Local Signal	Independent	LOW CONFIDENCE/SKEPTICAL	EN1	2p/q	Putative Novel							LAVA (Genetic Correlation)
rs150727739	7	74190835	1.70369944125061e-08	0.492534324349693	1166	0.652657	0.0129111	Confirmed (Nominal)	Shared LAVA Block	HIGH CONFIDENCE	""	""	Putative Novel							LAVA (Genetic Correlation)
rs138214281	17	39829853	2.63328809361475e-08	0.436710217948494	2204	0.213911	0.530127	Filtered (Spurious/No Local Signal)	Independent	LOW CONFIDENCE/SKEPTICAL	""	""	Putative Novel							LAVA (Genetic Correlation)
rs4661543	1	14902605	2.71818080046913e-08	-0.207310363280345	16	-0.48536	0.0711066	Filtered (Spurious/No Local Signal)	Independent	LOW CONFIDENCE/SKEPTICAL	KAZN	1p/q	Putative Novel							LAVA (Genetic Correlation)
rs12533633	7	74526237	4.30125664185765e-08	0.455326571192328	1166	0.652657	0.0129111	Confirmed (Nominal)	Shared LAVA Block	HIGH CONFIDENCE	""	""	Putative Novel							LAVA (Genetic Correlation)
rs1464446	3	146883508	4.36364491053658e-08	-0.173641930476083	549			Insufficient Local Signal	Independent	LOW CONFIDENCE/SKEPTICAL	LINC02010	3p/q	Putative Novel							LAVA (Genetic Correlation)
